<?xml version="1.0" encoding="utf-8"?>
<Subscribe xmlns:xsi="http://www.w3.org/2001/XMLSchema-instance"
           xmlns:xsd="http://www.w3.org/2001/XMLSchema">
    <PullSubscriptionRequest xmlns="http://schemas.microsoft.com/exchange/services/2006/messages">
        <FolderIds xmlns="http://schemas.microsoft.com/exchange/services/2006/types">
            <DistinguishedFolderId Id="inbox" />
            <DistinguishedFolderId Id="calendar" />
        </FolderIds>
        <EventTypes xmlns="http://schemas.microsoft.com/exchange/services/2006/types">
            <EventType>NewMailEvent</EventType>
            <EventType>CreatedEvent</EventType>
            <EventType>DeletedEvent</EventType>
            <EventType>ModifiedEvent</EventType>
            <EventType>MovedEvent</EventType>
            <EventType>CopiedEvent</EventType>
            <EventType>FreeBusyChangedEvent</EventType>
        </EventTypes>
        <Timeout xmlns="http://schemas.microsoft.com/exchange/services/2006/types">30</Timeout>
    </PullSubscriptionRequest>
</Subscribe>