<?xml version="1.0" encoding="utf-8"?>
<soap:Envelope xmlns:xsi="http://www.w3.org/2001/XMLSchema-instance"
               xmlns:m="http://schemas.microsoft.com/exchange/services/2006/messages"
               xmlns:t="http://schemas.microsoft.com/exchange/services/2006/types"
               xmlns:soap="http://schemas.xmlsoap.org/soap/envelope/">
    <soap:Body>
        <m:GetItem>
            <m:ItemShape>
                <t:BaseShape>AllProperties</t:BaseShape>
                <t:IncludeMimeContent>true</t:IncludeMimeContent>
            </m:ItemShape>
            <m:ItemIds>
                <t:ItemId Id="{id}" ChangeKey="{changeKey}" />
            </m:ItemIds>
        </m:GetItem>
    </soap:Body>
</soap:Envelope>