<?xml version="1.0" encoding="utf-8"?>
<soap:Envelope xmlns:xsi="http://www.w3.org/2001/XMLSchema-instance"
               xmlns:m="http://schemas.microsoft.com/exchange/services/2006/messages"
               xmlns:t="http://schemas.microsoft.com/exchange/services/2006/types"
               xmlns:soap="http://schemas.xmlsoap.org/soap/envelope/">
    <soap:Body>
        <m:FindItem Traversal="Shallow">
            <m:ItemShape>
                <t:BaseShape>IdOnly</t:BaseShape>
                <t:AdditionalProperties>
                    <t:FieldURI FieldURI="item:Subject" />
                    <t:FieldURI FieldURI="item:ReminderMinutesBeforeStart" />
                    <t:FieldURI FieldURI="calendar:Start" />
                    <t:FieldURI FieldURI="calendar:End" />
                    <t:FieldURI FieldURI="calendar:Location" />
                </t:AdditionalProperties>
            </m:ItemShape>
            <m:CalendarView MaxEntriesReturned="{maxEntriesReturned}" StartDate="{startDate}" EndDate="{endDate}" />
            <m:ParentFolderIds>
                <t:DistinguishedFolderId Id="calendar"/>
            </m:ParentFolderIds>
        </m:FindItem>
    </soap:Body>
</soap:Envelope>