<?xml version="1.0" encoding="utf-8"?>
<soap:Envelope xmlns:xsi="http://www.w3.org/2001/XMLSchema-instance"
               xmlns:m="http://schemas.microsoft.com/exchange/services/2006/messages"
               xmlns:t="http://schemas.microsoft.com/exchange/services/2006/types"
               xmlns:soap="http://schemas.xmlsoap.org/soap/envelope/">
    <soap:Body>
        <m:FindItem Traversal="Shallow">
            <m:ItemShape>
                <t:BaseShape>AllProperties</t:BaseShape>
                <t:AdditionalProperties>
                    <t:FieldURI FieldURI="item:Subject"/>
                    <t:FieldURI FieldURI="item:DateTimeReceived"/>
                    <t:FieldURI FieldURI="message:IsRead"/>
                    <t:FieldURI FieldURI="message:From"/>
                </t:AdditionalProperties>
            </m:ItemShape>
            <m:IndexedPageItemView MaxEntriesReturned="{maxEntriesReturned}" Offset="{offset}" BasePoint="Beginning"/>
            <m:Restriction>
                <t:IsEqualTo>
                    <t:FieldURI FieldURI="message:IsRead"/>
                    <t:FieldURIOrConstant>
                        <t:Constant Value="false"/>
                    </t:FieldURIOrConstant>
                </t:IsEqualTo>
            </m:Restriction>
            <m:ParentFolderIds>
                <t:FolderId Id="{id}"/>
            </m:ParentFolderIds>
        </m:FindItem>
    </soap:Body>
</soap:Envelope>